id,Score
1,7.5
2,7.5
3,7.5
4,7.5
5,7.5
6,20
7,20
8,100
9,100
10,7.5
11,7.5
12,7.5
13,7.5
14,7.5
15,7.5
16,7.5
17,7.5
18,7.5
19,7.5
20,7.5
21,7.5
22,7.5
23,7.5
24,7.5
25,7.5
26,7.5
27,7.5
28,7.5
29,7.5
30,7.5
31,17.5
32,17.5
33,17.5
34,100
35,100
36,100
37,100
38,100
39,100
40,100
41,100
42,100
43,100
44,87.5
45,87.5
46,87.5
47,87.5
48,50
49,50
50,77.5
51,77.5
52,62.5
53,62.5
54,7.5
55,7.5
56,100
57,100
58,92.5
59,92.5
60,92.5
61,92.5
62,92.5
63,92.5
64,92.5
65,92.5
66,92.5
67,92.5
68,92.5
69,92.5
70,92.5
71,92.5
72,92.5
73,92.5
74,92.5
75,92.5
76,92.5
77,92.5
78,92.5
79,92.5
80,92.5
81,92.5
82,92.5
83,92.5
84,92.5
85,92.5
86,29.5
87,29.5
88,29.5
89,29.5
90,29.5
91,87.5
92,87.5
93,52
94,52
95,100
96,100
97,100
98,100
99,100
100,100
101,100
102,100
103,100
104,100
105,100
106,100
107,69.5
108,69.5
109,69.5
110,69.5
111,69.5
112,69.5
113,29.5
114,29.5
115,29.5
116,29.5
117,29.5
118,29.5
119,29.5
120,29.5
121,29.5
122,29.5
123,29.5
124,29.5
125,29.5
126,29.5
127,29.5
128,29.5
129,29.5
130,29.5
131,29.5
132,29.5
133,29.5
134,29.5
135,29.5
136,29.5
137,29.5
138,29.5
139,29.5
140,29.5
141,29.5
142,29.5
143,29.5
144,29.5
145,29.5
146,29.5
147,29.5
148,29.5
149,29.5
150,29.5
151,29.5
152,7.5
153,7.5
154,34.5
155,34.5
156,25
157,25
158,25
159,25
160,25
161,17.5
162,17.5
163,87.5
164,87.5
165,87.5
166,87.5
167,87.5
168,87.5
169,87.5
170,0
171,0
172,92.5
173,92.5
174,92.5
175,100
176,100
177,100
178,100
179,70
180,70
181,90
182,90
183,90
184,39.5
185,39.5
186,39.5
187,39.5
188,39.5
189,39.5
190,39.5
191,39.5
192,39.5
193,39.5
194,39.5
195,39.5
196,39.5
197,39.5
198,39.5
199,39.5
200,39.5
201,39.5
202,39.5
203,39.5
204,39.5
205,39.5
206,39.5
207,39.5
208,39.5
209,39.5
210,39.5
211,39.5
212,39.5
213,39.5
214,39.5
215,39.5
216,39.5
217,39.5
218,39.5
219,39.5
220,39.5
221,39.5
222,70
223,70
224,70
225,70
226,70
227,7.5
228,7.5
229,5
230,5
231,5
232,5
233,5
234,5
235,5
236,5
237,5
238,5
239,5
240,5
241,5
242,5
243,5
244,5
245,5
246,5
247,5
248,5
249,5
250,5
251,5
252,5
253,5
254,5
255,5
256,5
257,5
258,5
259,5
260,5
261,5
262,5
263,5
264,5
265,5
266,5
267,5
268,5
269,5
270,5
271,5
272,5
273,5
274,5
275,5
276,5
277,5
278,5
279,5
280,5
281,5
282,5
283,5
284,5
285,5
286,5
287,5
288,5
289,5
290,5
291,5
292,5
293,5
294,5
295,5
296,5
297,5
298,5
299,5
300,5
301,5
302,5
303,5
304,5
305,5
306,5
307,5
308,5
309,5
310,5
311,5
312,5
313,5
314,5
315,5
316,5
317,5
318,5
319,5
320,5
321,5
322,5
323,5
324,5
325,5
326,5
327,5
328,5
329,5
330,5
331,5
332,5
333,5
334,5
335,5
336,5
337,5
338,5
339,5
340,5
341,5
342,5
343,5
344,5
345,5
346,5
347,5
348,5
349,5
350,5
351,5
352,5
353,5
354,5
355,5
356,5
357,5
358,5
359,5
360,5
361,5
362,5
363,5
364,5
365,5
366,5
367,5
368,5
369,5
370,5
371,5
372,5
373,5
374,5
375,5
376,5
377,5
378,5
379,5
380,5
381,5
382,5
383,5
384,5
385,5
386,5
387,5
388,5
389,5
390,5
391,5
392,5
393,5
394,5
395,5
396,5
397,5
398,5
399,5
400,5
401,5
402,5
403,5
404,5
405,5
406,5
407,5
408,5
409,5
410,5
411,5
412,5
413,5
414,5
415,5
416,5
417,5
418,5
419,5
420,5
421,5
422,5
423,5
424,5
425,5
426,5
427,5
428,5
429,5
430,5
431,5
432,5
433,5
434,5
435,5
436,5
437,5
438,5
439,5
440,5
441,5
442,5
443,5
444,5
445,5
446,5
447,5
448,5
449,5
450,5
451,5
452,5
453,5
454,5
455,5
456,5
457,5
458,5
459,5
460,5
461,5
462,5
463,5
464,5
465,5
466,5
467,5
468,5
469,5
470,5
471,5
472,5
473,5
474,5
475,5
476,5
477,5
478,5
479,5
480,5
481,5
482,5
483,5
484,5
485,5
486,5
487,5
488,5
489,5
490,87.5
491,87.5
492,87.5
493,87.5
494,87.5
495,87.5
496,87.5
497,87.5
498,87.5
499,87.5
500,87.5
501,87.5
502,87.5
503,87.5
504,87.5
505,87.5
506,87.5
507,87.5
508,87.5
509,87.5
510,87.5
511,87.5
512,25
513,25
514,0
515,0
516,95
517,95
518,100
519,100
520,7.5
521,7.5
522,7.5
523,7.5
524,7.5
525,90
526,90
527,100
528,100
529,100
530,100
531,7.5
532,7.5
533,7.5
534,34.5
535,34.5
536,34.5
537,34.5
538,20
539,20
540,32.5
541,32.5
542,32.5
543,100
544,100
545,70
546,70
547,70
548,77.5
549,77.5
550,100
551,100
552,75
553,75
554,75
555,75
556,75
557,75
558,75
559,75
560,12.5
561,100
562,100
563,100
564,100
565,100
566,92.5
567,92.5
568,7.5
569,7.5
570,7.5
571,7.5
572,7.5
573,7.5
574,7.5
575,7.5
576,7.5
577,7.5
578,7.5
579,7.5
580,7.5
581,7.5
582,7.5
583,7.5
584,7.5
585,7.5
586,7.5
587,7.5
588,7.5
589,7.5
590,7.5
591,7.5
592,7.5
593,7.5
594,7.5
595,7.5
596,7.5
597,7.5
598,7.5
599,7.5
600,7.5
601,7.5
602,7.5
603,7.5
604,7.5
605,7.5
606,7.5
607,7.5
608,7.5
609,59.5
610,59.5
611,7.5
612,7.5
613,7.5
614,7.5
615,7.5
616,7.5
617,7.5
618,40
619,40
620,40
621,40
622,59.5
623,59.5
624,29.5
625,29.5
626,29.5
627,29.5
628,29.5
629,29.5
630,29.5
631,29.5
632,29.5
633,29.5
634,29.5
635,29.5
636,29.5
637,29.5
638,29.5
639,29.5
640,29.5
641,29.5
642,29.5
643,29.5
644,29.5
645,29.5
646,29.5
647,29.5
648,29.5
649,29.5
650,29.5
651,29.5
652,29.5
653,29.5
654,29.5
655,29.5
656,29.5
657,29.5
658,29.5
659,29.5
660,82.5
661,82.5
662,82.5
663,82.5
664,82.5
665,82.5
666,100
667,100
668,7.5
669,7.5
670,100
671,100
672,52
673,52
674,52
675,100
676,100
677,29.5
678,29.5
679,29.5
680,29.5
681,7.5
682,7.5
683,37.5
684,37.5
685,37.5
686,37.5
687,37.5
688,37.5
689,37.5
690,37.5
691,44.5
692,44.5
693,100
694,100
695,92.5
696,92.5
697,87.5
698,87.5
699,87.5
700,87.5
701,87.5
702,87.5
703,87.5
704,87.5
705,87.5
706,87.5
707,87.5
708,87.5
709,87.5
710,87.5
711,75
712,100
713,100
714,95
715,100
716,100
717,100
718,82.5
719,95
720,100
721,95
722,100
723,80
724,95
725,100
726,100
727,100
728,70
729,90
730,87.5
731,100
732,100
733,100
734,95
735,87.5
736,87.5
737,20
738,95
739,92.5
740,82.5
741,95
742,100
743,90
744,95
745,87.5
746,87.5
747,70
748,92.5
749,95
750,87.5
751,70
752,95
753,92.5
754,95
755,7.5
756,82.5
757,20
758,82.5
759,100
760,0
761,100
762,87.5
763,70
764,52
765,92.5
766,100
767,82.5
768,100
769,29.5
770,75
771,92.5
772,87.5
773,87.5
774,100
775,80
776,100
777,100
778,100
779,7.5
780,92.5
781,52
782,95
783,87.5
784,62
785,87.5
786,82.5
787,60
788,87.5
789,39.5
790,70
791,0
792,0
793,87.5
794,87.5
795,80
796,7.5
797,20
798,100
799,100
800,35
801,0
802,47.5
803,92.5
804,70
805,87.5
806,100
807,100
808,39.5
809,30
810,82.5
811,87.5
812,87.5
813,95
814,49.5
815,100
816,39.5
817,82.5
818,100
819,64.5
820,7.5
821,100
822,87.5
823,80
824,100
825,100
826,55
827,100
828,82.5
829,100
830,92.5
831,92.5
832,100
833,92.5
834,80
835,100
836,7.5
837,42
838,92.5
839,100
840,100
841,100
842,82.5
843,62
844,0
845,100
846,100
847,80
848,95
849,92.5
850,100
851,100
852,100
853,100
854,100
855,92.5
856,100
857,37.5
858,95
859,7.5
860,92.5
861,87.5
862,100
863,70
864,82.5
865,0
866,100
867,100
868,100
869,80
870,92.5
871,100
872,0
873,72.5
874,52
875,100
876,92.5
877,12.5
878,87.5
879,100
880,92.5
881,82.5
882,100
883,92.5
884,80
885,85
886,82.5
887,90
888,67.5
889,100
890,100
891,44.5
892,90
893,62.5
894,77.5
895,100
896,95
897,100
898,44.5
899,47.5
900,100
901,29.5
902,62
903,100
904,75
905,39.5
906,29.5
907,82.5
908,62.5
909,95
910,100
911,100
912,82.5
913,95
914,7.5
915,80
916,92.5
917,100
918,100
919,0
920,65
921,7.5
922,7.5
923,62
924,47
925,95
926,100
927,87.5
928,87.5
929,87.5
930,82.5
931,80
932,7.5
933,92.5
934,100
935,92.5
936,92.5
937,100
938,22
939,7.5
940,7.5
941,92.5
942,92.5
943,75
944,77.5
945,87.5
946,87.5
947,100
948,92.5
949,100
950,100
951,100
952,70
953,47
954,87.5
955,80
956,39.5
957,80
958,100
959,95
960,7.5
961,95
962,20
963,100
964,100
965,100
966,95
967,87.5
968,100
969,87.5
970,82.5
971,87.5
972,82.5
973,87.5
974,87.5
975,95
976,20
977,7.5
978,7.5
979,95
980,87.5
981,100
982,87.5
983,100
984,100
985,100
986,44.5
987,100
988,7.5
989,7.5
990,7.5
991,7.5
992,87.5
993,7.5
994,7.5
995,7.5
996,7.5
997,7.5
998,75
999,75
1000,100
1001,100
1002,75
1003,87.5
1004,100
1005,95
1006,80
1007,100
1008,59.5
1009,100
1010,100
1011,12.5
1012,92.5
1013,77.5
1014,59.5
1015,100
1016,82.5
1017,82.5
1018,55
1019,100
1020,100
1021,100
1022,75
1023,100
1024,87.5
1025,92.5
1026,100
1027,92.5
1028,92.5
1029,92.5
1030,100
1031,100
1032,100
1033,100
1034,100
1035,10
1036,92.5
1037,87.5
1038,100
1039,87.5
1040,87.5
1041,95
1042,0
1043,82.5
1044,95
1045,80
1046,87.5
1047,100
1048,70
1049,67.5
1050,95
1051,70
1052,20
1053,87.5
1054,100
1055,7.5
1056,7.5
1057,100
1058,95
1059,92.5
1060,7.5
1061,7.5
1062,7.5
1063,7.5
1064,7.5
1065,7.5
1066,7.5
1067,7.5
1068,7.5
1069,7.5
1070,39.5
1071,80
1072,92.5
1073,92.5
1074,80
1075,87.5
1076,100
1077,100
1078,80
1079,15
1080,52
1081,29.5
1082,29.5
1083,87.5
1084,22.5
1085,62.5
1086,17.5
1087,50
1088,29.5
1089,92.5
1090,7.5
1091,100
1092,92.5
1093,87.5
1094,82.5
1095,80
1096,95
1097,80
1098,82.5
1099,87.5
1100,100
1101,100
1102,92.5
1103,75
1104,100
1105,100
1106,100
1107,100
1108,100
1109,92.5
1110,82.5
1111,100
1112,92.5
1113,100
1114,87.5
1115,100
1116,100
1117,38
1118,92.5
1119,100
1120,20
1121,92.5
1122,100
1123,100
1124,70
1125,92.5
1126,100
1127,100
1128,92.5
1129,92.5
1130,80
1131,90
1132,7.5
1133,100
1134,100
1135,20
1136,100
1137,100
1138,92.5
1139,92.5
1140,85
1141,92.5
1142,52
1143,100
1144,92.5
1145,100
1146,100
1147,100
1148,100
1149,87.5
1150,92.5
1151,80
1152,67.5
1153,82.5
1154,7.5
1155,100
1156,87.5
1157,17.5
1158,80
1159,87.5
1160,7.5
1161,12.5
1162,87.5
1163,100
1164,32
1165,7.5
1166,87.5
1167,90
1168,100
1169,77.5
1170,80
1171,62.5
1172,100
1173,12.5
1174,100
1175,87.5
1176,92.5
1177,92.5
1178,82.5
1179,100
1180,92.5
1181,39.5
1182,92.5
1183,100
1184,100
1185,100
1186,100
1187,100
1188,100
1189,95
1190,52
1191,60
1192,70
1193,95
1194,87.5
1195,100
1196,80
1197,95
1198,100
1199,70
1200,92.5
1201,100
1202,100
1203,75
1204,100
1205,92.5
1206,92.5
1207,100
1208,7.5
1209,57.5
1210,0
1211,87.5
1212,100
1213,57
1214,20
1215,92.5
1216,87.5
1217,100
1218,95
1219,100
1220,75
1221,7.5
1222,100
1223,69.5
1224,17.5
1225,80
1226,100
1227,87.5
1228,92.5
1229,52
1230,0
1231,80
1232,80
1233,92.5
1234,87.5
1235,75
1236,77.5
1237,100
1238,100
1239,87.5
1240,7.5
1241,82.5
1242,87.5
1243,100
1244,95
1245,75
1246,92.5
1247,100
1248,100
1249,95
1250,87.5
1251,7.5
1252,70
1253,100
1254,67.5
1255,100
1256,42
1257,39.5
1258,62.5
1259,47.5
1260,62.5
1261,35
1262,72.5
1263,62.5
1264,100
1265,32.5
1266,100
1267,100
1268,7.5
1269,87.5
1270,29.5
1271,70
1272,100
1273,100
1274,77.5
1275,100
1276,92.5
1277,7.5
1278,62
1279,69.5
1280,92.5
1281,87.5
1282,87.5
1283,95
1284,87.5
1285,87.5
1286,62
1287,100
1288,87.5
1289,100
1290,87.5
1291,75
1292,100
1293,87.5
1294,95
1295,87.5
1296,85
1297,82.5
1298,95
1299,75
1300,72.5
1301,100
1302,100
1303,100
1304,7.5
1305,75
1306,90
1307,95
1308,67.5
1309,7.5
1310,82.5
1311,75
1312,87.5
1313,90
1314,82.5
1315,87.5
1316,80
1317,87.5
1318,95
1319,80
1320,82.5
1321,87.5
1322,92.5
1323,87.5
1324,92.5
1325,95
1326,85
1327,87.5
1328,80
1329,87.5
1330,77.5
1331,82.5
1332,80
1333,80
1334,95
1335,100
1336,20
1337,20
1338,100
1339,90
1340,92.5
1341,92.5
1342,77.5
1343,87.5
1344,42
1345,100
1346,70
1347,87.5
1348,17.5
1349,100
1350,80
1351,100
1352,100
1353,92.5
1354,100
1355,100
1356,92.5
1357,100
1358,92.5
1359,92.5
1360,100
1361,85
1362,95
1363,100
1364,12.5
1365,0
1366,52
1367,87.5
1368,7.5
1369,7.5
1370,62
1371,75
1372,95
1373,65
1374,82.5
1375,100
1376,22
1377,17.5
1378,92.5
1379,92.5
1380,87.5
1381,100
1382,82.5
1383,70
1384,75
1385,82.5
1386,100
1387,10
1388,75
1389,92.5
1390,87.5
1391,100
1392,100
1393,87.5
1394,82.5
1395,42
1396,100
1397,92.5
1398,20
1399,95
1400,100
1401,72.5
1402,92.5
1403,17.5
1404,75
1405,100
1406,100
1407,100
1408,57.5
1409,39.5
1410,100
1411,87.5
1412,52
1413,95
1414,47
1415,92.5
1416,42
1417,82.5
1418,82.5
1419,39.5
1420,92.5
1421,87.5
1422,100
1423,100
1424,12.5
1425,95
1426,100
1427,75
1428,87.5
1429,82.5
1430,37
1431,7.5
1432,7.5
1433,20
1434,75
1435,90
1436,100
1437,100
1438,85
1439,80
1440,80
1441,87.5
1442,100
1443,85
1444,100
1445,100
1446,100
1447,100
1448,92.5
1449,100
1450,100
1451,60
1452,35
1453,80
1454,87.5
1455,75
1456,100
1457,92.5
1458,22
1459,95
1460,70
1461,100
1462,100
1463,54.5
1464,87.5
1465,100
1466,100
1467,62.5
1468,85
1469,100
1470,100
1471,100
1472,100
1473,87.5
1474,100
1475,100
1476,87.5
1477,75
1478,7.5
1479,100
1480,92.5
1481,82.5
1482,87.5
1483,92.5
1484,85
1485,100
1486,95
1487,80
1488,95
1489,42.5
1490,80
1491,54.5
1492,100
1493,87.5
1494,47.5
1495,100
1496,7.5
1497,7.5
1498,90
1499,100
1500,100
1501,47.5
1502,25
1503,87.5
1504,100
1505,7.5
1506,90
1507,87.5
1508,100
1509,100
1510,69.5
1511,42
1512,82.5
1513,92.5
1514,100
1515,37
1516,100
1517,100
1518,100
1519,82.5
1520,95
1521,100
1522,70
1523,100
1524,95
1525,100
1526,87.5
1527,92.5
1528,87.5
1529,100
1530,92.5
1531,100
1532,92.5
1533,52
1534,92.5
1535,100
1536,92.5
1537,54.5
1538,80
1539,87.5
1540,87.5
1541,17.5
1542,0
1543,7.5
1544,90
1545,92.5
1546,100
1547,100
1548,100
1549,100
1550,92.5
1551,80
1552,100
1553,100
1554,64.5
1555,52
1556,70
1557,82.5
1558,50
1559,100
1560,80
1561,87.5
1562,100
1563,0
1564,100
1565,100
1566,100
1567,82.5
1568,100
1569,100
1570,100
1571,87.5
1572,100
1573,100
1574,80
1575,100
1576,100
1577,100
1578,95
1579,95
1580,87.5
1581,100
1582,100
1583,100
1584,87.5
1585,80
1586,85
1587,90
1588,92.5
1589,100
1590,100
1591,7.5
1592,95
1593,100
1594,87.5
1595,92.5
1596,100
1597,82.5
1598,87.5
1599,80
1600,82.5
1601,100
1602,87.5
1603,100
1604,100
1605,100
1606,92.5
1607,100
1608,87.5
1609,100
1610,100
1611,75
1612,87.5
1613,87.5
1614,82.5
1615,87.5
1616,95
1617,92.5
1618,100
1619,92.5
1620,82.5
1621,92.5
1622,100
1623,100
1624,77.5
1625,87.5
1626,100
1627,87.5
1628,87.5
1629,95
1630,100
1631,95
1632,87.5
1633,100
1634,95
1635,100
1636,87.5
1637,100
1638,87.5
1639,100
1640,82.5
1641,100
1642,92.5
1643,95
1644,100
1645,100
1646,100
1647,100
1648,87.5
1649,82.5
1650,82.5
1651,87.5
1652,92.5
1653,80
1654,100
1655,100
1656,95
1657,100
1658,100
1659,100
1660,100
1661,82.5
1662,95
1663,95
1664,100
1665,87.5
1666,95
1667,95
1668,95
1669,95
1670,95
1671,92.5
1672,100
1673,100
1674,87.5
1675,100
1676,82.5
1677,82.5
1678,92.5
1679,92.5
1680,87.5
1681,80
1682,100
1683,92.5
1684,100
1685,87.5
1686,95
1687,100
1688,100
1689,87.5
1690,100
1691,95
1692,100
1693,100
1694,95
1695,87.5
1696,92.5
1697,95
1698,75
1699,100
1700,95
1701,100
1702,82.5
1703,82.5
1704,80
1705,82.5
1706,100
1707,100
1708,100
1709,95
1710,92.5
1711,100
1712,87.5
1713,100
1714,87.5
1715,100
1716,92.5
1717,82.5
1718,82.5
1719,92.5
1720,70
1721,100
1722,95
1723,92.5
1724,100
1725,100
1726,92.5
1727,100
1728,92.5
1729,59.5
1730,95
1731,100
1732,39.5
1733,100
1734,100
1735,100
1736,55
1737,62.5
1738,100
1739,92.5
1740,92.5
1741,100
1742,87.5
1743,85
1744,87.5
1745,87.5
1746,100
1747,62.5
1748,95
1749,77.5
1750,29.5
1751,39.5
1752,17.5
1753,17.5
1754,62.5
1755,87.5
1756,42
1757,77
1758,95
1759,42.5
1760,52
1761,100
1762,95
1763,100
1764,100
1765,92.5
1766,75
1767,90
1768,82.5
1769,100
1770,82.5
1771,92.5
1772,80
1773,100
1774,82.5
1775,52
1776,29.5
1777,87.5
1778,87.5
1779,100
1780,87.5
1781,42
1782,52
1783,92.5
1784,100
1785,100
1786,100
1787,65
1788,100
1789,7.5
1790,50
1791,50
1792,7.5
1793,47
1794,100
1795,100
1796,92.5
1797,100
1798,70
1799,100
1800,92.5
1801,80
1802,100
1803,100
1804,100
1805,87.5
1806,100
1807,100
1808,100
1809,92.5
1810,7.5
1811,62.5
1812,100
1813,92.5
1814,60
1815,77.5
1816,100
1817,95
1818,87.5
1819,100
1820,82.5
1821,70
1822,100
1823,80
1824,7.5
1825,77.5
1826,100
1827,92.5
1828,100
1829,90
1830,95
1831,100
1832,35
1833,100
1834,92.5
1835,7.5
1836,87.5
1837,82.5
1838,87.5
1839,75
1840,100
1841,87.5
1842,80
1843,100
1844,100
1845,70
1846,62
1847,7.5
1848,100
1849,57.5
1850,40
1851,20
1852,62.5
1853,87.5
1854,100
1855,75
1856,70
1857,82.5
1858,100
1859,52
1860,82.5
1861,92.5
1862,47
1863,100
1864,87.5
1865,100
1866,100
1867,62.5
1868,82.5
1869,100
1870,87.5
1871,20
1872,92.5
1873,80
1874,87.5
1875,100
1876,92.5
1877,100
1878,100
1879,100
1880,77.5
1881,80
1882,70
1883,59.5
1884,100
1885,92.5
1886,92.5
1887,100
1888,87.5
1889,87.5
1890,85
1891,100
1892,95
1893,87.5
1894,100
1895,82.5
1896,92.5
1897,100
1898,100
1899,100
1900,100
1901,100
1902,87.5
1903,100
1904,87.5
1905,87.5
1906,100
1907,87.5
1908,100
1909,95
1910,92.5
1911,92.5
1912,7.5
1913,5
1914,100
1915,80
1916,100
1917,100
1918,92.5
1919,90
1920,100
1921,92.5
1922,80
1923,75
1924,82.5
1925,82.5
1926,95
1927,87.5
1928,75
1929,95
1930,95
1931,20
1932,95
1933,95
1934,100
1935,100
1936,100
1937,82.5
1938,95
1939,95
1940,7.5
1941,7.5
1942,7.5
1943,100
1944,90
1945,100
1946,75
1947,100
1948,95
1949,100
1950,87.5
1951,95
1952,95
1953,100
1954,82.5
1955,62
1956,7.5
1957,7.5
1958,37
1959,92.5
1960,0
1961,100
1962,82.5
1963,90
1964,82.5
1965,100
1966,20
1967,100
1968,100
1969,92.5
1970,87.5
1971,92.5
1972,57.5
1973,92.5
1974,92.5
1975,69.5
1976,100
1977,100
1978,95
1979,95
1980,100
1981,95
1982,95
1983,87.5
1984,80
1985,92.5
1986,100
1987,100
1988,7.5
1989,95
1990,100
1991,100
1992,100
1993,67.5
1994,100
1995,100
1996,92.5
1997,87.5
1998,72.5
1999,100
2000,17.5
2001,87.5
2002,100
2003,100
2004,100
2005,95
2006,100
2007,95
2008,100
2009,100
2010,70
2011,100
2012,100
2013,92.5
2014,100
2015,100
2016,100
2017,92.5
2018,100
2019,100
2020,100
2021,92.5
2022,100
2023,92.5
2024,100
2025,29.5
2026,17.5
2027,0
2028,100
2029,70
2030,80
2031,62.5
2032,65
2033,39.5
2034,87.5
2035,80
2036,100
2037,100
2038,100
2039,87.5
2040,100
2041,87.5
2042,25
2043,92.5
2044,80
2045,100
2046,20
2047,100
2048,67.5
2049,87.5
2050,82.5
2051,100
2052,100
2053,80
2054,100
2055,70
2056,87.5
2057,100
2058,100
2059,100
2060,7.5
2061,7.5
2062,7.5
2063,7.5
2064,7.5
2065,7.5
2066,20
2067,7.5
2068,100
2069,87.5
2070,100
2071,100
2072,0
2073,70
2074,87.5
2075,82.5
2076,82.5
2077,100
2078,0
2079,72.5
2080,87.5
2081,95
2082,100
2083,25
2084,67.5
2085,80
2086,100
2087,70
2088,70
2089,100
2090,75
2091,100
2092,87.5
2093,29.5
2094,49.5
2095,92.5
2096,100
2097,100
2098,100
2099,100
2100,100
2101,75
2102,95
2103,29.5
2104,57
2105,92.5
2106,100
2107,77.5
2108,87.5
2109,100
2110,7.5
2111,7.5
2112,7.5
2113,7.5
2114,7.5
2115,7.5
2116,7.5
2117,100
2118,7.5
2119,7.5
2120,7.5
2121,100
2122,100
2123,95
2124,87.5
2125,42
2126,100
2127,100
2128,87.5
2129,62.5
2130,100
2131,100
2132,100
2133,39.5
2134,57.5
2135,0
2136,39.5
2137,77.5
2138,100
2139,44.5
2140,100
2141,82.5
2142,80
2143,87.5
2144,100
2145,100
2146,100
2147,100
2148,92.5
2149,100
2150,95
2151,92.5
2152,12.5
2153,100
2154,7.5
2155,7.5
2156,87.5
2157,100
2158,100
2159,100
2160,100
2161,100
2162,75
2163,62.5
2164,100
2165,7.5
2166,87.5
2167,44.5
2168,44.5
2169,100
2170,92.5
2171,92.5
2172,59.5
2173,100
2174,100
2175,80
2176,100
2177,100
2178,7.5
2179,82.5
2180,92.5
2181,100
2182,87.5
2183,77.5
2184,100
2185,100
2186,80
2187,87.5
2188,15
2189,92.5
2190,75
2191,100
2192,7.5
2193,100
2194,100
2195,100
2196,95
2197,100
2198,39.5
2199,80
2200,100
2201,100
2202,42
2203,0
2204,70
2205,92.5
2206,100
2207,92.5
2208,90
2209,100
2210,87.5
2211,95
2212,100
2213,100
2214,17.5
2215,95
2216,100
2217,100
2218,92.5
2219,100
2220,100
2221,77.5
2222,47.5
2223,87.5
2224,100
2225,95
2226,87.5
2227,52
2228,100
2229,62.5
2230,77.5
2231,92.5
2232,100
2233,32.5
2234,25
2235,47
2236,100
2237,7.5
2238,87.5
2239,92.5
2240,82.5
2241,25
2242,100
2243,100
2244,100
2245,92.5
2246,100
2247,69.5
2248,100
2249,100
2250,100
2251,100
2252,80
2253,87.5
2254,92.5
2255,82.5
2256,100
2257,100
2258,100
2259,52
2260,62
2261,100
2262,100
2263,44.5
2264,87.5
2265,100
2266,75
2267,100
2268,100
2269,100
2270,0
2271,87.5
2272,95
2273,95
2274,52
2275,100
2276,92.5
2277,100
2278,100
2279,80
2280,100
2281,100
2282,100
2283,100
2284,34.5
2285,87.5
2286,87.5
2287,55
2288,29.5
2289,92.5
2290,82.5
2291,92.5
2292,100
2293,92.5
2294,100
2295,100
2296,85
2297,87.5
2298,82.5
2299,100
2300,100
2301,100
2302,100
2303,12.5
2304,87.5
2305,87.5
2306,92.5
2307,77.5
2308,17.5
2309,0
2310,49.5
2311,57.5
2312,92.5
2313,100
2314,77.5
2315,87.5
2316,92.5
2317,67.5
2318,92.5
2319,87.5
2320,80
2321,100
2322,95
2323,82.5
2324,12.5
2325,100
2326,92.5
2327,100
2328,87.5
2329,92.5
2330,100
2331,32
2332,100
2333,100
2334,100
2335,92.5
2336,100
2337,92.5
2338,92.5
2339,100
2340,100
2341,100
2342,57
2343,100
2344,100
2345,7.5
2346,7.5
2347,100
2348,100
2349,100
2350,87.5
2351,92.5
2352,100
2353,95
2354,92.5
2355,87.5
2356,100
2357,100
2358,100
2359,100
2360,100
2361,100
2362,92.5
2363,12.5
2364,92.5
2365,87.5
2366,100
2367,95
2368,100
2369,90
2370,82.5
2371,92.5
2372,57
2373,85
2374,100
2375,7.5
2376,100
2377,7.5
2378,7.5
2379,100
2380,7.5
2381,87.5
2382,100
2383,100
2384,100
2385,22
2386,20
2387,92.5
2388,82.5
2389,92.5
2390,75
2391,67.5
2392,57
2393,80
2394,17.5
2395,52
2396,92.5
2397,100
2398,0
2399,100
2400,100
2401,92.5
2402,42
2403,52
2404,17.5
2405,87.5
2406,100
2407,100
2408,100
2409,29.5
2410,20
2411,100
2412,95
2413,80
2414,87.5
2415,17.5
2416,100
2417,87.5
2418,12.5
2419,57.5
2420,20
2421,92.5
2422,100
2423,7.5
2424,29.5
2425,100
2426,57.5
2427,0
2428,100
2429,57
2430,100
2431,92.5
2432,12.5
2433,100
2434,100
2435,92.5
2436,100
2437,100
2438,92.5
2439,87.5
2440,20
2441,7.5
2442,92.5
2443,92.5
2444,70
2445,30
2446,29.5
2447,100
2448,75
2449,57
2450,100
2451,87.5
2452,0
2453,87.5
2454,100
2455,75
2456,100
2457,80
2458,69.5
2459,77.5
2460,87.5
2461,87.5
2462,80
2463,100
2464,100
2465,7.5
2466,100
2467,87.5
2468,62.5
2469,100
2470,0
2471,82.5
2472,7.5
2473,82.5
2474,100
2475,92.5
2476,87.5
2477,100
2478,47.5
2479,70
2480,80
2481,95
2482,52
2483,12.5
2484,87.5
2485,0
2486,75
2487,85
2488,100
2489,100
2490,100
2491,80
2492,100
2493,80
2494,87.5
2495,92.5
2496,92.5
2497,92.5
2498,100
2499,17.5
2500,75
2501,87.5
2502,92.5
2503,70
2504,100
2505,95
2506,37.5
2507,25
2508,100
2509,20
2510,87.5
2511,52
2512,92.5
2513,42
2514,77.5
2515,67.5
2516,100
2517,95
2518,92.5
2519,92.5
2520,100
2521,100
2522,100
2523,100
2524,100
2525,42
2526,87.5
2527,100
2528,7.5
2529,44.5
2530,87.5
2531,62.5
2532,100
2533,77.5
2534,7.5
2535,70
2536,75
2537,85
2538,100
2539,75
2540,100
2541,62.5
2542,22
2543,34.5
2544,7.5
2545,52
2546,52
2547,52
2548,100
2549,92.5
2550,92.5
2551,100
2552,87.5
2553,62.5
2554,100
2555,100
2556,52
2557,12.5
2558,7.5
2559,7.5
2560,0
2561,80
2562,7.5
2563,39.5
2564,92.5
2565,100
2566,100
2567,100
2568,100
2569,100
2570,100
2571,95
2572,100
2573,29.5
2574,69.5
2575,52
2576,80
2577,70
2578,82.5
2579,95
2580,100
2581,87.5
2582,80
2583,75
2584,7.5
2585,7.5
2586,87.5
2587,57.5
2588,7.5
2589,47.5
2590,70
2591,29.5
2592,95
2593,7.5
2594,100
2595,54.5
2596,100
2597,95
2598,92.5
2599,95
2600,92.5
2601,25
2602,92.5
2603,100
2604,100
2605,82.5
2606,92.5
2607,7.5
2608,82
2609,92.5
2610,7.5
2611,80
2612,100
2613,87.5
2614,29.5
2615,87.5
2616,64.5
2617,100
2618,100
2619,87.5
2620,100
2621,87.5
2622,92.5
2623,82.5
2624,92.5
2625,87.5
2626,100
2627,100
2628,52
2629,0
2630,100
2631,100
2632,82.5
2633,100
2634,87.5
2635,82.5
2636,87.5
2637,87.5
2638,92.5
2639,92.5
2640,92.5
2641,100
2642,7.5
2643,7.5
2644,100
2645,34.5
2646,60
2647,95
2648,92.5
2649,100
2650,100
2651,82.5
2652,100
2653,37.5
2654,100
2655,75
2656,100
2657,87.5
2658,87.5
2659,82.5
2660,77.5
2661,87.5
2662,100
2663,87.5
2664,100
2665,80
2666,100
2667,92.5
2668,87.5
2669,100
2670,82.5
2671,87.5
2672,95
2673,100
2674,87.5
2675,100
2676,87.5
2677,100
2678,95
2679,92.5
2680,100
2681,92.5
2682,100
2683,87.5
2684,92.5
2685,100
2686,70
2687,92.5
2688,87.5
2689,87.5
2690,65
2691,87.5
2692,82.5
2693,75
2694,100
2695,100
2696,92.5
2697,52
2698,100
2699,100
2700,87.5
2701,82.5
2702,92.5
2703,100
2704,82.5
2705,87.5
2706,80
2707,100
2708,100
2709,39.5
2710,82.5
2711,82.5
2712,95
2713,75
2714,90
2715,100
2716,100
2717,67.5
2718,100
2719,100
2720,100
2721,100
2722,92.5
2723,100
2724,77.5
2725,100
2726,62.5
2727,80
2728,100
2729,82.5
2730,100
2731,7.5
2732,37
2733,77.5
2734,100
2735,95
2736,100
2737,85
2738,77.5
2739,100
2740,92.5
2741,100
2742,92.5
2743,100
2744,87.5
2745,87.5
2746,87.5
2747,100
2748,100
2749,62
2750,0
2751,95
2752,100
2753,92.5
2754,100
2755,95
2756,82.5
2757,95
2758,87.5
2759,80
2760,100
2761,100
2762,95
2763,100
2764,87.5
2765,82.5
2766,100
2767,87.5
2768,100
2769,92.5
2770,75
2771,87.5
2772,87.5
2773,95
2774,100
2775,100
2776,100
2777,95
2778,100
2779,92.5
2780,87.5
2781,100
2782,87.5
2783,95
2784,17.5
2785,80
2786,82.5
2787,92.5
2788,87.5
2789,95
2790,100
2791,87.5
2792,87.5
2793,39.5
2794,82.5
2795,72.5
2796,95
2797,75
2798,0
2799,34.5
2800,7.5
2801,52
2802,100
2803,80
2804,80
2805,100
2806,100
2807,95
2808,92.5
2809,100
2810,87.5
2811,100
2812,95
2813,82.5
2814,87.5
2815,87.5
2816,92.5
2817,92.5
2818,100
2819,80
2820,87.5
2821,87.5
2822,95
2823,80
2824,87.5
2825,82.5
2826,95
2827,82.5
2828,100
2829,100
2830,100
2831,100
2832,90
2833,95
2834,95
2835,82.5
2836,95
2837,87.5
2838,100
2839,67.5
2840,92.5
2841,92.5
2842,87.5
2843,100
2844,100
2845,100
2846,100
2847,100
2848,100
2849,100
2850,87.5
2851,87.5
2852,75
2853,92.5
2854,87.5
2855,82.5
2856,100
2857,92.5
2858,80
2859,80
2860,100
2861,87.5
2862,92.5
2863,87.5
2864,87.5
2865,100
2866,92.5
2867,82.5
2868,100
2869,90
2870,95
2871,82.5
2872,100
2873,100
2874,87.5
2875,100
2876,100
2877,20
2878,100
2879,100
2880,92.5
2881,87.5
2882,100
2883,57.5
2884,82.5
2885,100
2886,100
2887,100
2888,54.5
2889,0
2890,80
2891,80
2892,30
2893,30
2894,62.5
2895,95
2896,100
2897,100
2898,100
2899,80
2900,100
2901,100
2902,39.5
2903,80
2904,70
2905,100
2906,100
2907,100
2908,87.5
2909,80
2910,95
2911,87.5
2912,100
2913,100
2914,100
2915,87.5
2916,52
2917,77
2918,80
2919,95
2920,0
2921,72
2922,7.5
2923,67.5
2924,80
2925,100
2926,100
2927,80
2928,87.5
2929,100
2930,92.5
2931,100
2932,22.5
2933,87.5
2934,87.5
2935,75
2936,85
2937,75
2938,87.5
2939,77.5
2940,100
2941,87.5
2942,72
2943,75
2944,80
2945,92.5
2946,70
2947,100
2948,87.5
2949,100
2950,82.5
2951,20
2952,100
2953,87.5
2954,87.5
2955,75
2956,57
2957,92.5
2958,87.5
2959,90
2960,100
2961,70
2962,85
2963,70
2964,87.5
2965,100
2966,87.5
2967,100
2968,87.5
2969,77.5
2970,62.5
2971,100
2972,100
2973,47
2974,80
2975,87.5
2976,77.5
2977,100
2978,80
2979,100
2980,100
2981,77.5
2982,100
2983,12.5
2984,95
2985,52
2986,87.5
2987,12.5
2988,70
2989,100
2990,100
2991,95
2992,80
2993,42
2994,75
2995,87.5
2996,12.5
2997,87.5
2998,82.5
2999,100
3000,0
3001,77.5
3002,92.5
3003,87.5
3004,90
3005,92.5
3006,87.5
3007,87.5
3008,82.5
3009,100
3010,0
3011,100
3012,77.5
3013,82.5
3014,100
3015,87.5
3016,82.5
3017,80
3018,100
3019,87.5
3020,47
3021,65
3022,100
3023,72.5
3024,92.5
3025,92.5
3026,92.5
3027,100
3028,70
3029,82.5
3030,100
3031,92.5
3032,100
3033,15
3034,100
3035,100
3036,87.5
3037,80
3038,87.5
3039,75
3040,100
3041,77.5
3042,0
3043,80
3044,100
3045,70
3046,87.5
3047,100
3048,87.5
3049,87.5
3050,80
3051,0
3052,100
3053,100
3054,100
3055,75
3056,92.5
3057,100
3058,39.5
3059,90
3060,80
3061,95
3062,95
3063,100
3064,95
3065,82.5
3066,29.5
3067,20
3068,7.5
3069,75
3070,87.5
3071,25
3072,12.5
3073,44.5
3074,17.5
3075,100
3076,87.5
3077,0
3078,7.5
3079,39.5
3080,30
3081,80
3082,80
3083,100
3084,92.5
3085,92.5
3086,7.5
3087,7.5
3088,100
3089,95
3090,75
3091,100
3092,95
3093,82.5
3094,100
3095,82.5
3096,82.5
3097,7.5
3098,87.5
3099,100
3100,100
3101,87.5
3102,87.5
3103,82.5
3104,12.5
3105,100
3106,69.5
3107,37.5
3108,100
3109,82.5
3110,87.5
3111,100
3112,100
3113,95
3114,82.5
3115,100
3116,100
3117,20
3118,20
3119,100
3120,0
3121,100
3122,82.5
3123,12.5
3124,100
3125,100
3126,100
3127,57
3128,32.5
3129,95
3130,95
3131,82.5
3132,82.5
3133,15
3134,82.5
3135,100
3136,75
3137,87.5
3138,75
3139,100
3140,0
3141,100
3142,87.5
3143,100
3144,100
3145,95
3146,100
3147,100
3148,100
3149,100
3150,100
3151,95
3152,100
3153,90
3154,95
3155,92.5
3156,20
3157,82.5
3158,95
3159,70
3160,82.5
3161,95
3162,20
3163,100
3164,100
3165,95
3166,95
3167,90
3168,87.5
3169,95
3170,12.5
3171,100
3172,100
3173,95
3174,92.5
3175,100
3176,95
3177,87.5
3178,95
3179,69.5
3180,87.5
3181,95
3182,67.5
3183,82.5
3184,70
3185,87.5
3186,95
3187,100
3188,82.5
3189,95
3190,100
3191,92.5
3192,100
3193,100
3194,82.5
3195,100
3196,75
3197,82.5
3198,95
3199,92.5
3200,32.5
3201,17.5
3202,92.5
3203,100
3204,25
3205,95
3206,82.5
3207,95
3208,87.5
3209,80
3210,95
3211,95
3212,92.5
3213,95
3214,70
3215,95
3216,82.5
3217,87.5
3218,87.5
3219,95
3220,95
3221,75
3222,82.5
3223,87.5
3224,82.5
3225,100
3226,87.5
3227,100
3228,100
3229,100
3230,95
3231,100
3232,100
3233,82.5
3234,95
3235,95
3236,95
3237,100
3238,75
3239,95
3240,87.5
3241,44.5
3242,100
3243,82.5
3244,100
3245,87.5
3246,87.5
3247,100
3248,82.5
3249,100
3250,100
3251,87.5
3252,87.5
3253,100
3254,15
3255,100
3256,95
3257,95
3258,100
3259,100
3260,100
3261,95
3262,82.5
3263,82.5
3264,100
3265,95
3266,82.5
3267,22
3268,82.5
3269,82.5
3270,92.5
3271,100
3272,100
3273,100
3274,52
3275,52
3276,7.5
3277,7.5
3278,70
3279,70
3280,7.5
3281,7.5
3282,15
3283,15
3284,95
3285,82.5
3286,75
3287,95
3288,82.5
3289,100
3290,20
3291,87.5
3292,82.5
3293,25
3294,44.5
3295,100
3296,87.5
3297,67.5
3298,87.5
3299,87.5
3300,87.5
3301,72.5
3302,70
3303,20
3304,82.5
3305,44.5
3306,87.5
3307,44.5
3308,82.5
3309,100
3310,80
3311,95
3312,92.5
3313,75
3314,95
3315,82.5
3316,87.5
3317,92.5
3318,77.5
3319,64.5
3320,62.5
3321,52
3322,87.5
3323,87.5
3324,12.5
3325,7.5
3326,95
3327,82.5
3328,27.5
3329,75
3330,70
3331,87.5
3332,20
3333,25
3334,95
3335,82.5
3336,100
3337,100
3338,95
3339,87.5
3340,70
3341,62.5
3342,90
3343,100
3344,5
3345,87.5
3346,82.5
3347,70
3348,87.5
3349,100
3350,70
3351,70
3352,80
3353,75
3354,82.5
3355,70
3356,20
3357,44.5
3358,100
3359,100
3360,100
3361,32.5
3362,82.5
3363,87.5
3364,95
3365,77.5
3366,82.5
3367,100
3368,90
3369,90
3370,82.5
3371,82.5
3372,87.5
3373,82.5
3374,82.5
3375,70
3376,82.5
3377,87.5
3378,95
3379,95
3380,87.5
3381,92.5
3382,0
3383,95
3384,100
3385,75
3386,87.5
3387,82.5
3388,87.5
3389,87.5
3390,44.5
3391,100
3392,90
3393,82.5
3394,82.5
3395,82.5
3396,95
3397,7.5
3398,87.5
3399,77.5
3400,100
3401,95
3402,82.5
3403,92.5
3404,92.5
3405,62.5
3406,87.5
3407,87.5
3408,80
3409,82.5
3410,87.5
3411,95
3412,92.5
3413,100
3414,82.5
3415,100
3416,75
3417,64.5
3418,70
3419,75
3420,70
3421,52
3422,87.5
3423,75
3424,82.5
3425,70
3426,82.5
3427,77.5
3428,87.5
3429,7.5
3430,100
3431,75
3432,44.5
3433,82.5
3434,95
3435,39.5
3436,39.5
3437,95
3438,82.5
3439,7.5
3440,82.5
3441,52
3442,17.5
3443,100
3444,75
3445,87.5
3446,82.5
3447,87.5
3448,82.5
3449,54.5
3450,87.5
3451,87.5
3452,75
3453,90
3454,25
3455,95
3456,77.5
3457,80
3458,77.5
3459,75
3460,0
3461,52
3462,52
3463,87.5
3464,80
3465,70
3466,87.5
3467,77.5
3468,95
3469,70
3470,20
3471,54.5
3472,52
3473,17.5
3474,95
3475,67.5
3476,87.5
3477,82.5
3478,20
3479,59.5
3480,82.5
3481,64.5
3482,44.5
3483,95
3484,95
3485,95
3486,95
3487,100
3488,100
3489,100
3490,100
3491,95
3492,95
3493,95
3494,95
3495,95
3496,95
3497,77.5
3498,77.5
3499,82.5
3500,82.5
3501,70
3502,44.5
3503,100
3504,82.5
3505,87.5
3506,95
3507,70
3508,95
3509,82.5
3510,82.5
3511,95
3512,65
3513,34.5
3514,82.5
3515,100
3516,82.5
3517,62.5
3518,87.5
3519,42
3520,82.5
3521,95
3522,87.5
3523,87.5
3524,62.5
3525,62.5
3526,62.5
3527,62.5
3528,62.5
3529,95
3530,82.5
3531,75
3532,64.5
3533,54.5
3534,95
3535,65
3536,52
3537,57.5
3538,82.5
3539,7.5
3540,75
3541,95
3542,87.5
3543,87.5
3544,75
3545,95
3546,95
3547,82.5
3548,100
3549,70
3550,82.5
3551,100
3552,75
3553,87.5
3554,82.5
3555,75
3556,80
3557,87.5
3558,57.5
3559,95
3560,82.5
3561,67.5
3562,72.5
3563,82.5
3564,64.5
3565,44.5
3566,67.5
3567,39.5
3568,82.5
3569,70
3570,87.5
3571,80
3572,95
3573,77.5
3574,62
3575,75
3576,82.5
3577,87.5
3578,90
3579,82.5
3580,90
3581,95
3582,95
3583,82.5
3584,87.5
3585,5
3586,75
3587,82.5
3588,82.5
3589,82.5
3590,100
3591,80
3592,77.5
3593,12.5
3594,7.5
3595,20
3596,39.5
3597,92.5
3598,87.5
3599,100
3600,87.5
3601,12.5
3602,87.5
3603,5
3604,80
3605,75
3606,74.5
3607,75
3608,75
3609,20
3610,95
3611,100
3612,75
3613,75
3614,82.5
3615,95
3616,0
3617,90
3618,95
3619,75
3620,95
3621,25
3622,44.5
3623,95
3624,87.5
3625,57
3626,95
3627,0
3628,82.5
3629,87.5
3630,57
3631,92.5
3632,82.5
3633,62.5
3634,82.5
3635,82.5
3636,82.5
3637,100
3638,87.5
3639,82.5
3640,70
3641,70
3642,77.5
3643,95
3644,82.5
3645,80
3646,95
3647,95
3648,69.5
3649,82.5
3650,75
3651,82.5
3652,20
3653,87.5
3654,82.5
3655,59.5
3656,82.5
3657,82.5
3658,100
3659,82.5
3660,82.5
3661,82.5
3662,62.5
3663,62.5
3664,82.5
3665,82.5
3666,77.5
3667,95
3668,67.5
3669,82.5
3670,77.5
3671,75
3672,75
3673,77.5
3674,82.5
3675,95
3676,82.5
3677,87.5
3678,70
3679,82.5
3680,87.5
3681,87.5
3682,75
3683,82.5
3684,82.5
3685,70
3686,70
3687,20
3688,75
3689,7.5
3690,75
3691,82.5
3692,80
3693,87.5
3694,77.5
3695,82.5
3696,77.5
3697,92.5
3698,87.5
3699,87.5
3700,95
3701,82.5
3702,100
3703,82.5
3704,100
3705,75
3706,82.5
3707,92.5
3708,87.5
3709,100
3710,82.5
3711,82.5
3712,82.5
3713,82.5
3714,87.5
3715,67.5
3716,82.5
3717,29.5
3718,82.5
3719,90
3720,75
3721,95
3722,100
3723,67.5
3724,100
3725,100
3726,100
